data,abertura,maximo,minimo,fechamento,volume,data fechamento,volume do ativo
1692403200000,26054.00000000,26281.00000000,25801.09000000,26100.01000000,26160.75343000,1692489599999,680623880.82475540
1692489600000,26100.01000000,26299.00000000,25971.05000000,26189.99000000,19056.91209000,1692575999999,497880752.23011580
1692576000000,26190.00000000,26258.42000000,25812.00000000,26126.92000000,30267.24233000,1692662399999,788205156.32159240
1692662400000,26126.92000000,26139.42000000,25300.00000000,26056.00000000,34247.06688000,1692748799999,886782344.16029290
1692748800000,26055.99000000,26819.27000000,25812.82000000,26432.72000000,44023.69978000,1692835199999,1156326251.92241100
1692835200000,26432.71000000,26577.87000000,25864.00000000,26180.05000000,30205.22116000,1692921599999,792966965.89826580
1692921600000,26180.05000000,26314.05000000,25777.15000000,26060.01000000,27753.33772000,1693007999999,722611079.18980740
1693008000000,26060.00000000,26125.77000000,25985.92000000,26017.37000000,10022.22322000,1693094399999,261041530.47580380
1693094400000,26017.38000000,26182.23000000,25966.11000000,26101.77000000,12099.64216000,1693180799999,315548363.01937760
1693180800000,26101.78000000,26253.99000000,25864.50000000,26120.00000000,22692.62655000,1693267199999,591008939.17657000
1693267200000,26120.00000000,28142.85000000,25922.00000000,27716.34000000,74251.99488000,1693353599999,2023326050.75847910
1693353600000,27716.34000000,27768.57000000,27017.24000000,27299.99000000,35448.25848000,1693439999999,969086451.16252570
1693440000000,27299.99000000,27587.51000000,25655.01000000,25940.78000000,51032.80401000,1693526399999,1360373186.01167090
1693526400000,25940.77000000,26156.00000000,25333.75000000,25805.05000000,41032.15056000,1693612799999,1059444591.70974940
1693612800000,25805.04000000,25987.50000000,25752.47000000,25869.51000000,16250.77698000,1693699199999,419812969.94685980
1693699200000,25869.52000000,26135.00000000,25800.00000000,25971.21000000,17474.47667000,1693785599999,453100690.10210770
1693785600000,25971.21000000,26108.02000000,25631.21000000,25826.02000000,21777.59609000,1693871999999,563532890.56999930
1693872000000,25826.03000000,25915.49000000,25562.62000000,25792.10000000,21323.39337000,1693958399999,548893707.60020050
1693958400000,25792.11000000,26040.00000000,25372.51000000,25759.95000000,27262.52386000,1694044799999,700763180.80116770
1694044800000,25759.95000000,26443.14000000,25615.38000000,26255.00000000,27687.49567000,1694131199999,718923008.90711830
1694131200000,26255.00000000,26445.50000000,25647.26000000,25910.50000000,28999.76471000,1694217599999,754184537.10969230
1694217600000,25910.50000000,25945.09000000,25796.64000000,25901.61000000,10980.62277000,1694303999999,284109473.80757830
1694304000000,25901.60000000,26033.66000000,25570.57000000,25841.61000000,18738.26914000,1694390399999,483577459.20553450
1694390400000,25841.60000000,25900.69000000,24901.00000000,25162.52000000,41682.32000000,1694476799999,1057371884.66970660
1694476800000,25162.53000000,26567.00000000,25131.48000000,25840.10000000,56434.38537000,1694563199999,1464393036.96166230
1694563200000,25840.10000000,26405.22000000,25764.17000000,26222.00000000,31610.82753000,1694649599999,825437881.46875910
1694649600000,26222.00000000,26860.49000000,26126.77000000,26522.73000000,38333.17250000,1694735999999,1015267319.77302260
1694736000000,26522.73000000,26888.00000000,26224.00000000,26600.00000000,26227.29369000,1694822399999,695203258.00044450
1694822400000,26599.99000000,26777.00000000,26445.00000000,26559.67000000,13960.93351000,1694908799999,370889866.45927350
1694908800000,26559.67000000,26623.25000000,26399.00000000,26527.51000000,12998.10277000,1694995199999,344703727.56010710
1694995200000,26527.50000000,27409.00000000,26377.35000000,26762.51000000,43000.43256000,1695081599999,1158780347.62530490
1695081600000,26762.50000000,27483.57000000,26667.79000000,27210.26000000,36190.52187000,1695167999999,981539255.55962000
1695168000000,27210.25000000,27388.63000000,26800.00000000,27125.00000000,34207.21867000,1695254399999,927206075.96262730
1695254400000,27125.01000000,27159.60000000,26377.70000000,26568.08000000,34476.82662000,1695340799999,920768143.35131270
1695340800000,26568.08000000,26743.38000000,26468.77000000,26580.14000000,18198.22920000,1695427199999,484331618.94853190
1695427200000,26580.14000000,26632.81000000,26509.00000000,26575.96000000,9440.70260000,1695513599999,250873957.38867380
1695513600000,26575.97000000,26738.54000000,26122.08000000,26248.38000000,15706.65771000,1695599999999,416368301.37368480
1695600000000,26248.39000000,26446.15000000,25990.46000000,26304.81000000,26266.20390000,1695686399999,688252596.38099440
1695686400000,26304.80000000,26397.46000000,26088.34000000,26221.67000000,18495.35066000,1695772799999,485217905.04210480
1695772800000,26221.68000000,26850.00000000,26112.06000000,26372.99000000,34771.57978000,1695859199999,918797815.04848100
1695859200000,26373.00000000,27308.48000000,26342.40000000,27021.39000000,44517.83491000,1695945599999,1193420040.13091850
1695945600000,27021.39000000,27244.89000000,26665.16000000,26906.96000000,28478.76219000,1696031999999,767827314.93190890
1696032000000,26906.96000000,27094.99000000,26886.31000000,26962.56000000,12804.62307000,1696118399999,345406056.68069530
1696118400000,26962.57000000,28065.51000000,26954.09000000,27992.57000000,24602.81468000,1696204799999,674657121.99442040
1696204800000,27992.58000000,28580.00000000,27281.44000000,27494.51000000,57071.14241000,1696291199999,1600944483.49020640
1696291200000,27494.51000000,27676.52000000,27160.50000000,27426.46000000,28928.96555000,1696377599999,794301815.42650200
1696377600000,27426.45000000,27839.72000000,27202.00000000,27778.57000000,29816.14200000,1696463999999,820421385.25578530
1696464000000,27778.57000000,28120.39000000,27352.00000000,27410.39000000,30681.49619000,1696550399999,849415594.04725040
1696550400000,27410.39000000,28295.00000000,27175.94000000,27931.09000000,37983.24277000,1696636799999,1052864393.81761350
1696636800000,27931.10000000,28029.67000000,27842.08000000,27956.67000000,13348.83825000,1696723199999,372820279.52314300
1696723200000,27956.67000000,28095.14000000,27687.50000000,27917.05000000,19693.56921000,1696809599999,549839951.48008110
1696809600000,27917.06000000,27987.93000000,27260.00000000,27590.12000000,31534.74639000,1696895999999,870014634.36216090
1696896000000,27590.12000000,27735.00000000,27298.00000000,27390.12000000,22776.84383000,1696982399999,626258724.27757830
1696982400000,27390.12000000,27477.39000000,26538.66000000,26875.52000000,37349.44706000,1697068799999,1007065585.93464060
1697068800000,26875.52000000,26947.04000000,26555.00000000,26759.63000000,23428.64112000,1697155199999,626909068.38687170
1697155200000,26759.63000000,27130.00000000,26685.00000000,26862.00000000,24115.76499000,1697241599999,647553796.35806620
1697241600000,26862.00000000,26989.58000000,26789.00000000,26852.48000000,10417.25576000,1697327999999,280059019.05340130
1697328000000,26852.48000000,27293.33000000,26808.25000000,27154.15000000,15274.69170000,1697414399999,412673965.34393480
1697414400000,27154.14000000,30000.00000000,27112.66000000,28500.78000000,78399.22445000,1697500799999,2210785548.23609620
1697500800000,28500.77000000,28613.65000000,28069.32000000,28395.91000000,38428.44532000,1697587199999,1090741746.48308740
1697587200000,28395.91000000,28982.36000000,28142.87000000,28320.00000000,32162.47591000,1697673599999,914773525.15275810
1697673600000,28320.00000000,28916.89000000,28100.66000000,28713.71000000,35895.50179000,1697759999999,1023984017.03227880
1697760000000,28713.71000000,30207.55000000,28578.29000000,29669.04000000,59422.09920000,1697846399999,1753411192.55109090
1697846400000,29669.05000000,30379.99000000,29464.77000000,29909.80000000,27517.51897000,1697932799999,821964508.43536290
1697932800000,29909.80000000,30248.00000000,29640.00000000,29992.46000000,22852.54563000,1698019199999,683854827.89693230
1698019200000,29992.46000000,34741.91000000,29883.60000000,33069.99000000,93513.64246000,1698105599999,2941620022.86518770
1698105600000,33069.99000000,35280.00000000,32832.34000000,33922.73000000,115265.02418000,1698191999999,3933194868.16119640
1698192000000,33922.73000000,35132.85000000,33679.05000000,34496.05000000,54887.02529000,1698278399999,1888210825.60638280
1698278400000,34496.05000000,34824.13000000,33751.00000000,34151.66000000,39744.66255000,1698364799999,1363077907.10911990
1698364800000,34151.66000000,34245.00000000,33390.95000000,33892.02000000,32330.40106000,1698451199999,1096889423.41984200
1698451200000,33892.01000000,34493.33000000,33860.00000000,34081.00000000,16880.13144000,1698537599999,575936523.34735300
1698537600000,34081.01000000,34750.11000000,33930.00000000,34525.89000000,20685.52176000,1698623999999,711652985.17909640
1698624000000,34525.88000000,34856.00000000,34062.84000000,34474.73000000,33657.95976000,1698710399999,1159771907.64210540
1698710400000,34474.74000000,34720.49000000,34025.00000000,34639.77000000,32737.89822000,1698796799999,1125442444.48848820
1698796800000,34639.78000000,35582.00000000,34097.39000000,35421.43000000,53473.28165000,1698883199999,1856348820.47945360
1698883200000,35421.43000000,35984.99000000,34300.00000000,34941.59000000,48015.57732000,1698969599999,1686141698.09217100
1698969600000,34941.58000000,34946.50000000,34120.00000000,34716.78000000,39071.20644000,1699055999999,1347962831.56586230
1699056000000,34716.78000000,35255.00000000,34585.18000000,35062.07000000,18377.55545000,1699142399999,639958598.41983530
1699142400000,35062.06000000,35380.00000000,34448.00000000,35011.88000000,24528.73376000,1699228799999,859350974.00148930
1699228800000,35011.89000000,35276.33000000,34725.90000000,35046.09000000,22346.47086000,1699315199999,782427702.26532050
1699315200000,35046.09000000,35888.00000000,34523.06000000,35399.12000000,38688.73692000,1699401599999,1358031361.19785270
1699401600000,35399.13000000,36106.00000000,35100.00000000,35624.72000000,33401.34137000,1699487999999,1185492160.49272780
1699488000000,35624.72000000,37972.24000000,35534.05000000,36701.09000000,82537.88885000,1699574399999,3033417922.78268170
1699574400000,36701.10000000,37526.00000000,36324.71000000,37301.63000000,43414.04898000,1699660799999,1605069174.52410320
1699660800000,37301.63000000,37408.26000000,36666.93000000,37130.00000000,22984.97235000,1699747199999,851924612.73394270
1699747200000,37129.99000000,37222.22000000,36731.10000000,37064.13000000,17687.18874000,1699833599999,655570813.13827110
1699833600000,37064.13000000,37417.99000000,36333.00000000,36462.93000000,32798.18252000,1699919999999,1208037462.30414440
1699920000000,36462.93000000,36744.00000000,34800.00000000,35551.19000000,45503.68416000,1700006399999,1639130785.08681010
1700006400000,35551.20000000,37980.00000000,35360.00000000,37858.20000000,53569.13385000,1700092799999,1963249656.50947370
1700092800000,37858.20000000,37929.54000000,35500.00000000,36163.51000000,47490.39566000,1700179199999,1744503339.01517260
1700179200000,36163.51000000,36800.00000000,35861.10000000,36613.92000000,38283.61112000,1700265599999,1391225051.19232720
1700265600000,36613.91000000,36845.49000000,36178.58000000,36568.10000000,17102.24186000,1700351999999,624434069.52566340
1700352000000,36568.11000000,37500.00000000,36384.02000000,37359.86000000,21246.34648000,1700438399999,781531839.43715920
1700438400000,37359.85000000,37750.00000000,36677.00000000,37448.78000000,36022.70291000,1700524799999,1343722642.38647510
1700524800000,37448.79000000,37649.44000000,35735.00000000,35741.65000000,47646.54804000,1700611199999,1756747495.98185460
1700611200000,35741.65000000,37861.10000000,35632.01000000,37408.34000000,45051.30697000,1700697599999,1657141022.42734800
1700697600000,37408.35000000,37653.44000000,36870.00000000,37294.28000000,23827.92882000,1700783999999,888826648.85414730
1700784000000,37294.27000000,38414.00000000,37251.51000000,37713.57000000,44680.80646000,1700870399999,1688715728.07914810
1700870400000,37713.57000000,37888.00000000,37591.10000000,37780.67000000,11396.14464000,1700956799999,430165251.76097490
1700956800000,37780.67000000,37814.63000000,37150.00000000,37447.43000000,21264.53723000,1701043199999,797321193.58939910
1701043200000,37447.42000000,37569.23000000,36707.00000000,37242.70000000,30001.07376000,1701129599999,1112557435.27679220
1701129600000,37242.70000000,38377.00000000,36868.41000000,37818.87000000,37544.46667000,1701215999999,1414360251.68234560
1701216000000,37818.88000000,38450.00000000,37570.00000000,37854.64000000,32994.19107000,1701302399999,1252586505.66259010
1701302400000,37854.65000000,38145.85000000,37500.00000000,37723.96000000,24740.29147000,1701388799999,934491058.96081410
1701388800000,37723.97000000,38999.00000000,37615.86000000,38682.52000000,43415.66324000,1701475199999,1669750777.62398140
1701475200000,38682.51000000,39717.14000000,38641.61000000,39450.35000000,26696.92161000,1701561599999,1043421976.76606520
1701561600000,39450.35000000,40250.00000000,39274.86000000,39972.26000000,26710.65335000,1701647999999,1059860641.04944440
1701648000000,39972.26000000,42420.00000000,39972.26000000,41991.10000000,79272.33059000,1701734399999,3285736844.14088080
1701734400000,41991.10000000,44488.00000000,41414.00000000,44073.32000000,67490.74644000,1701820799999,2890205389.49012660
1701820800000,44073.82000000,44297.21000000,43335.28000000,43762.69000000,51431.10492000,1701907199999,2256979505.59480470
1701907200000,43762.69000000,44047.33000000,42821.10000000,43273.14000000,47103.26845000,1701993599999,2046945851.88364460
1701993600000,43273.15000000,44700.00000000,43081.10000000,44170.99000000,42900.37556000,1702079999999,1875581755.44691050
1702080000000,44171.00000000,44358.02000000,43584.51000000,43713.60000000,24925.97008000,1702166399999,1096487106.56483380
1702166400000,43713.59000000,44049.00000000,43563.00000000,43789.51000000,18956.61758000,1702252799999,830485162.55695350
1702252800000,43789.50000000,43804.50000000,40222.00000000,41253.40000000,76663.89804000,1702339199999,3205540835.51143390
1702339200000,41253.41000000,42104.12000000,40680.00000000,41492.39000000,42722.69773000,1702425599999,1773961284.33756360
1702425600000,41492.38000000,43475.20000000,40555.00000000,42869.03000000,45865.99773000,1702511999999,1919703389.48488040
1702512000000,42869.03000000,43420.00000000,41400.00000000,43022.26000000,42047.05709000,1702598399999,1798740625.30166000
1702598400000,43022.26000000,43080.81000000,41666.00000000,41940.30000000,33421.79320000,1702684799999,1416898938.50997890
1702684800000,41940.29000000,42724.43000000,41605.00000000,42278.03000000,24118.85747000,1702771199999,1020469627.88573310
1702771200000,42278.02000000,42424.07000000,41252.00000000,41374.65000000,27722.11452000,1702857599999,1161963642.96279640
1702857600000,41374.64000000,42757.81000000,40542.93000000,42657.80000000,46734.09250000,1702943999999,1936003306.08257260
1702944000000,42657.80000000,43497.00000000,41811.10000000,42275.99000000,40927.86444000,1703030399999,1747830242.46159370
1703030400000,42275.99000000,44283.00000000,42206.00000000,43668.93000000,48710.29470000,1703116799999,2115813869.77961900
1703116800000,43668.92000000,44242.35000000,43286.72000000,43861.80000000,34624.29384000,1703203199999,1514529919.18777960
1703203200000,43861.79000000,44398.26000000,43412.54000000,43969.04000000,32783.19638000,1703289599999,1436074497.51285980
1703289600000,43969.04000000,43988.68000000,43291.10000000,43702.16000000,16557.12930000,1703375999999,722943825.33321760
1703376000000,43702.15000000,43946.00000000,42500.00000000,42991.50000000,25144.33496000,1703462399999,1093460634.88942270
1703462400000,42991.50000000,43802.32000000,42720.43000000,43576.13000000,27021.23992000,1703548799999,1172053386.51098150
1703548800000,43576.12000000,43592.68000000,41637.60000000,42508.93000000,41010.04282000,1703635199999,1746333612.30494510
1703635200000,42508.93000000,43677.00000000,42098.69000000,43428.85000000,36191.21136000,1703721599999,1554082990.05227590
1703721600000,43428.86000000,43787.57000000,42241.79000000,42563.76000000,35150.52485000,1703807999999,1508408742.37808110
1703808000000,42563.76000000,43111.00000000,41300.00000000,42066.95000000,42597.18912000,1703894399999,1803086285.24657750
1703894400000,42066.94000000,42612.32000000,41520.30000000,42140.28000000,22906.57818000,1703980799999,964875790.98493500
1703980800000,42140.29000000,42899.00000000,41965.84000000,42283.58000000,23585.91603000,1704067199999,1001519241.55590540
1704067200000,42283.58000000,44184.10000000,42180.77000000,44179.55000000,27174.29903000,1704153599999,1169995682.02800140
1704153600000,44179.55000000,45879.63000000,44148.34000000,44946.91000000,65146.40661000,1704239999999,2944331821.82307620
1704240000000,44946.91000000,45500.00000000,40750.00000000,42845.23000000,81194.55173000,1704326399999,3507104563.74423210
1704326400000,42845.23000000,44729.58000000,42613.77000000,44151.10000000,48038.06334000,1704412799999,2095095359.49363480
1704412800000,44151.10000000,44357.46000000,42450.00000000,44145.11000000,48075.25327000,1704499199999,2100953924.36871550
1704499200000,44145.12000000,44214.42000000,43397.05000000,43968.32000000,17835.06144000,1704585599999,781212883.49160610
1704585600000,43968.32000000,44480.59000000,43572.09000000,43929.02000000,23023.85080000,1704671999999,1014635096.12414820
1704672000000,43929.01000000,47248.99000000,43175.00000000,46951.04000000,72814.57589000,1704758399999,3298772150.68150740
1704758400000,46951.04000000,47972.00000000,44748.67000000,46110.00000000,69927.66617000,1704844799999,3251442072.80839630
1704844800000,46110.00000000,47695.93000000,44300.36000000,46653.99000000,89911.41203000,1704931199999,4123809481.71276720
1704931200000,46654.00000000,48969.48000000,45606.06000000,46339.16000000,87470.32960000,1705017599999,4105139605.02830200
1705017600000,46339.16000000,46515.53000000,41500.00000000,42782.73000000,86327.93707000,1705103999999,3827483735.57605690
1705104000000,42782.74000000,43257.00000000,42436.12000000,42847.99000000,36118.47464000,1705190399999,1547370611.55316620
1705190400000,42847.99000000,43079.00000000,41720.00000000,41732.35000000,28228.40894000,1705276799999,1202212782.25769300
1705276800000,41732.35000000,43400.43000000,41718.05000000,42511.10000000,40269.89303000,1705363199999,1718982911.10810270
1705363200000,42511.10000000,43578.01000000,42050.00000000,43137.95000000,45045.74589000,1705449599999,1931947150.05907020
1705449600000,43137.94000000,43198.00000000,42200.69000000,42776.10000000,33266.21388000,1705535999999,1419888430.92288920
1705536000000,42776.09000000,42930.00000000,40683.28000000,41327.50000000,43907.51641000,1705622399999,1839426541.26357900
1705622400000,41327.51000000,42196.86000000,40280.00000000,41659.03000000,48342.74559000,1705708799999,1993846466.53875190
1705708800000,41659.03000000,41872.56000000,41456.30000000,41696.04000000,15923.99493000,1705795199999,662768008.15093430
1705795200000,41696.05000000,41881.39000000,41500.98000000,41580.33000000,11730.16301000,1705881599999,489151571.03090430
1705881600000,41580.32000000,41689.65000000,39431.58000000,39568.02000000,55426.19911000,1705967999999,2247452153.79543270
1705968000000,39568.02000000,40176.74000000,38555.00000000,39897.60000000,57956.63351000,1706054399999,2275851990.64682690
1706054400000,39897.59000000,40555.00000000,39484.19000000,40084.88000000,39293.82861000,1706140799999,1569704923.83074920
1706140800000,40084.89000000,40300.24000000,39550.00000000,39961.09000000,31022.11853000,1706227199999,1238813296.15261370
1706227200000,39961.09000000,42246.82000000,39822.52000000,41823.51000000,47384.96726000,1706313599999,1951700659.28980700
1706313600000,41823.51000000,42200.00000000,41394.34000000,42120.63000000,16224.41667000,1706399999999,678418702.35094450
1706400000000,42120.63000000,42842.68000000,41620.81000000,42031.06000000,27294.99838000,1706486399999,1154365891.66825870
1706486400000,42031.05000000,43333.00000000,41804.88000000,43302.70000000,31542.74207000,1706572799999,1343462280.36186840
1706572800000,43302.71000000,43882.36000000,42683.99000000,42941.10000000,37619.24546000,1706659199999,1633251085.67135960
1706659200000,42941.10000000,43745.11000000,42276.84000000,42580.00000000,39871.13688000,1706745599999,1711665577.05308240
1706745600000,42580.00000000,43285.13000000,41884.28000000,43082.94000000,35231.04664000,1706831999999,1497121440.64400210
1706832000000,43082.95000000,43488.00000000,42546.79000000,43200.00000000,29672.14418000,1706918399999,1277919437.29056120
1706918400000,43199.99000000,43380.01000000,42880.00000000,43011.09000000,12033.40998000,1707004799999,518775350.03360090
1707004800000,43011.10000000,43119.04000000,42222.00000000,42582.88000000,17066.89404000,1707091199999,730999557.70836820
1707091200000,42582.88000000,43569.76000000,42258.10000000,42708.70000000,29467.75905000,1707177599999,1262620640.54071730
1707177600000,42708.70000000,43399.98000000,42574.00000000,43098.95000000,24675.85433000,1707263999999,1061049582.60027670
1707264000000,43098.96000000,44396.50000000,42788.00000000,44349.60000000,34392.59915000,1707350399999,1496013692.38292190
1707350400000,44349.60000000,45614.30000000,44331.10000000,45288.65000000,45439.62231000,1707436799999,2042912128.15176650
1707436800000,45288.66000000,48200.00000000,45242.12000000,47132.77000000,73503.48100000,1707523199999,3453043306.42097590
1707523200000,47132.78000000,48170.00000000,46800.00000000,47751.09000000,24802.35936000,1707609599999,1176079377.69227620
1707609600000,47751.08000000,48592.66000000,47557.16000000,48299.99000000,29958.80837000,1707695999999,1443314885.77140530
1707696000000,48300.00000000,50334.82000000,47710.01000000,49917.27000000,59009.96705000,1707782399999,2898220863.01818030
1707782400000,49917.28000000,50368.61000000,48300.95000000,49699.59000000,55551.56706000,1707868799999,2745025370.06744710
1707868800000,49699.60000000,52043.71000000,49225.01000000,51795.17000000,57046.37401000,1707955199999,2919604456.72331270
1707955200000,51795.17000000,52816.62000000,51314.00000000,51880.00000000,53816.03055000,1708041599999,2802825737.99201540
1708041600000,51880.01000000,52572.08000000,51566.00000000,52124.11000000,37772.25318000,1708127999999,1965003863.97133420
1708128000000,52124.10000000,52162.82000000,50625.00000000,51642.64000000,25674.00622000,1708214399999,1319908544.97908910
1708214400000,51642.64000000,52377.00000000,51163.28000000,52137.67000000,21992.10363000,1708300799999,1139209588.43346260
1708300800000,52137.68000000,52488.77000000,51677.00000000,51774.73000000,29534.99432000,1708387199999,1539600521.60077290
1708387200000,51774.74000000,52985.00000000,50760.37000000,52258.82000000,49614.47318000,1708473599999,2574874999.37871740
1708473600000,52258.82000000,52366.80000000,50625.00000000,51849.39000000,43079.40049000,1708559999999,2210278288.72509470
1708560000000,51849.38000000,52065.78000000,50940.78000000,51288.42000000,35309.44574000,1708646399999,1820949707.15853400
1708646400000,51288.42000000,51548.54000000,50521.00000000,50744.15000000,30545.79544000,1708732799999,1559143576.82961640
1708732800000,50744.15000000,51698.00000000,50585.00000000,51568.22000000,16560.42110000,1708819199999,847793393.57186800
1708819200000,51568.21000000,51958.55000000,51279.80000000,51728.85000000,18721.63159000,1708905599999,966951114.45046290
1708905600000,51728.85000000,54910.00000000,50901.44000000,54476.47000000,51256.72199000,1708991999999,2710403072.98059510
1708992000000,54476.48000000,57588.15000000,54450.13000000,57037.34000000,67194.98562000,1709078399999,3795949115.22493150
1709078400000,57037.35000000,64000.00000000,56691.85000000,62432.10000000,118763.46984000,1709164799999,7162581994.48573950
1709164800000,62432.11000000,63676.35000000,60364.70000000,61130.98000000,78425.07603000,1709251199999,4872212871.27608040
1709251200000,61130.99000000,63114.23000000,60777.00000000,62387.90000000,47737.93473000,1709337599999,2956537377.96602980
1709337600000,62387.90000000,62433.19000000,61561.12000000,61987.28000000,25534.73659000,1709423999999,1582566973.83409310
1709424000000,61987.28000000,63231.88000000,61320.00000000,63113.97000000,28994.90903000,1709510399999,1804536272.94434580
1709510400000,63113.97000000,68499.00000000,62300.00000000,68245.71000000,84835.16005000,1709596799999,5568877537.08125230
1709596800000,68245.71000000,69000.00000000,59005.00000000,63724.01000000,132696.78130000,1709683199999,8674526591.28714170
1709683200000,63724.01000000,67641.10000000,62779.14000000,66074.04000000,78738.85491000,1709769599999,5197743036.59727550
1709769600000,66074.04000000,67980.00000000,65551.00000000,66823.17000000,53059.88690000,1709855999999,3548088039.27360850
1709856000000,66823.18000000,69990.00000000,66082.66000000,68124.19000000,74261.93284200,1709942399999,5044395324.39905431
1709942400000,68124.20000000,68541.10000000,67861.10000000,68313.27000000,19872.89743000,1710028799999,1355964036.90929860
1710028800000,68313.28000000,69887.61000000,68094.75000000,68955.88000000,38404.66835000,1710115199999,2659307501.09457810
1710115200000,68955.88000000,72800.00000000,67024.96000000,72078.10000000,75292.82572600,1710201599999,5352704377.61880469
1710201600000,72078.10000000,73000.00000000,68620.82000000,71452.01000000,68783.54669100,1710287999999,4909667978.55933818
1710288000000,71452.00000000,73650.25000000,71333.31000000,73072.41000000,52659.71164700,1710374399999,3829764501.25379279
1710374400000,73072.40000000,73777.00000000,68555.00000000,71388.94000000,71757.62874600,1710460799999,5132189849.09663160
1710460800000,71388.94000000,72419.71000000,65600.00000000,69499.85000000,103334.03546000,1710547199999,7065279917.87211180
1710547200000,69499.84000000,70043.00000000,64780.00000000,65300.63000000,55926.95336000,1710633599999,3788544202.88485590
1710633600000,65300.64000000,68904.40000000,64533.00000000,68393.48000000,49742.21589000,1710719999999,3322963634.24251290
1710720000000,68393.47000000,68956.00000000,66565.20000000,67609.99000000,55691.08088000,1710806399999,3768277912.41891810
1710806400000,67610.00000000,68124.11000000,61555.00000000,61937.40000000,101005.32487000,1710892799999,6484805948.53539280
1710892800000,61937.41000000,68100.00000000,60775.00000000,67840.51000000,90420.58592000,1710979199999,5769770052.06258300
1710979200000,67840.51000000,68240.47000000,64529.01000000,65501.27000000,53357.48002000,1711065599999,3551223142.96441700
1711065600000,65501.28000000,66649.62000000,62260.00000000,63796.64000000,51482.37821000,1711151999999,3310481978.10764530
1711152000000,63796.64000000,65999.00000000,63000.00000000,63990.01000000,26410.11409000,1711238399999,1706152172.63161340
1711238400000,63990.02000000,67628.69000000,63772.29000000,67209.99000000,31395.78015000,1711324799999,2059312948.64868730
1711324800000,67210.00000000,71150.00000000,66385.06000000,69880.01000000,53431.14486000,1711411199999,3679964073.81121250
1711411200000,69880.00000000,71561.10000000,69280.00000000,69988.00000000,38934.38417000,1711497599999,2738537345.33588000
1711497600000,69987.99000000,71769.54000000,68359.18000000,69469.99000000,49119.35685000,1711583999999,3426458581.94334340
1711584000000,69469.99000000,71552.06000000,68903.62000000,70780.60000000,35439.03239000,1711670399999,2500571208.00262760
1711670400000,70780.60000000,70916.16000000,69009.00000000,69850.54000000,25445.08353000,1711756799999,1779608477.32245370
1711756800000,69850.53000000,70321.10000000,69540.00000000,69582.18000000,13644.61142000,1711843199999,954555919.68557450
1711843200000,69582.17000000,71366.00000000,69562.99000000,71280.01000000,19396.34433000,1711929599999,1367523707.26124510
1711929600000,71280.00000000,71288.23000000,68062.86000000,69649.80000000,41445.32039000,1712015999999,2876486469.46552290
1712016000000,69649.81000000,69674.23000000,64550.00000000,65463.99000000,71799.82793000,1712102399999,4750030717.92242550
1712102400000,65463.99000000,66903.63000000,64493.07000000,65963.28000000,39887.21778000,1712188799999,2630556596.13592860
1712188800000,65963.27000000,69309.91000000,65064.52000000,68487.79000000,41510.48453000,1712275199999,2795469450.57238580
1712275200000,68487.80000000,68756.67000000,65952.56000000,67820.62000000,37915.23073000,1712361599999,2555458935.23600890
1712361600000,67820.63000000,69692.00000000,67447.83000000,68896.00000000,20134.28919000,1712447999999,1373131967.76481860
1712448000000,68896.00000000,70326.29000000,68824.00000000,69360.39000000,21534.74433000,1712534399999,1496213373.18557760
1712534400000,69360.38000000,72797.99000000,69043.24000000,71620.00000000,45723.87624000,1712620799999,3270853309.66294220
1712620800000,71620.00000000,71758.19000000,68210.00000000,69146.00000000,39293.90242000,1712707199999,2749007421.64210750
1712707200000,69146.00000000,71172.08000000,67518.00000000,70631.08000000,42006.02377000,1712793599999,2901564970.81580420
1712793600000,70631.08000000,71305.89000000,69567.21000000,70006.23000000,31917.25595000,1712879999999,2247473274.61625790
1712880000000,70006.22000000,71227.46000000,65086.86000000,67116.52000000,56072.86229000,1712966399999,3843551585.32127470
1712966400000,67116.52000000,67929.00000000,60660.57000000,63924.51000000,71395.22019000,1713052799999,4614468627.80904480
1713052800000,63924.52000000,65840.00000000,62134.00000000,65661.84000000,61599.17818000,1713139199999,3946124834.69703540
1713139200000,65661.85000000,66867.07000000,62274.40000000,63419.99000000,52389.53069000,1713225599999,3398072231.56122360
1713225600000,63419.99000000,64365.00000000,61600.00000000,63793.39000000,53435.29331000,1713311999999,3355338198.44691320
1713312000000,63793.40000000,64499.00000000,59678.16000000,61277.37000000,50610.54509000,1713398399999,3128625247.47385340
1713398400000,61277.38000000,64117.09000000,60803.35000000,63470.08000000,43601.60918000,1713484799999,2726741448.88680220
1713484800000,63470.09000000,65450.00000000,59600.01000000,63818.01000000,69774.30271000,1713571199999,4419893235.18328730
1713571200000,63818.01000000,65419.00000000,63090.07000000,64940.59000000,23137.42975000,1713657599999,1486949581.43947920
1713657600000,64940.58000000,65695.56000000,64237.50000000,64941.15000000,19316.42152000,1713743999999,1254396628.15317660
1713744000000,64941.15000000,67232.35000000,64500.00000000,66819.32000000,31397.99371000,1713830399999,2071690434.97655200
1713830400000,66819.32000000,67183.01000000,65765.81000000,66414.00000000,22599.90004000,1713916799999,1502139968.71988170
1713916800000,66414.00000000,67070.43000000,63606.06000000,64289.59000000,33595.69637000,1714003199999,2195714861.65765590
1714003200000,64289.58000000,65297.94000000,62794.00000000,64498.34000000,31341.46338000,1714089599999,2007704069.26227290
1714089600000,64498.33000000,64820.01000000,63297.48000000,63770.01000000,27085.19346000,1714175999999,1736631357.35373870
1714176000000,63770.00000000,63923.41000000,62391.24000000,63461.98000000,20933.06052000,1714262399999,1320337707.78711590
1714262400000,63461.98000000,64370.00000000,62781.00000000,63118.62000000,16949.20005000,1714348799999,1078450016.47322960
1714348800000,63118.62000000,64228.35000000,61765.53000000,63866.00000000,28150.22947000,1714435199999,1765038324.68372130
1714435200000,63866.00000000,64734.00000000,59191.60000000,60672.00000000,54947.65535000,1714521599999,3372142467.43225250
1714521600000,60672.01000000,60841.63000000,56552.82000000,58364.97000000,81166.46823000,1714607999999,4705572361.74020020
1714608000000,58364.97000000,59625.00000000,56911.84000000,59060.61000000,47583.81961000,1714694399999,2778840305.05057860
1714694400000,59060.60000000,63333.00000000,58811.32000000,62882.01000000,43628.40143000,1714780799999,2658193708.34790420
1714780800000,62882.01000000,64540.00000000,62541.03000000,63892.04000000,24368.69282000,1714867199999,1547468697.87657970
1714867200000,63892.03000000,64646.00000000,62822.17000000,64012.00000000,18526.75029000,1714953599999,1182572239.53061830
1714953600000,64012.00000000,65500.00000000,62700.00000000,63165.19000000,34674.91949000,1715039999999,2218131198.46613250
1715040000000,63165.18000000,64422.41000000,62261.00000000,62312.08000000,25598.79472000,1715126399999,1624531631.59237700
1715126400000,62312.07000000,63020.22000000,60888.00000000,61193.03000000,26121.19004000,1715212799999,1623561041.12551880
1715212800000,61193.03000000,63429.03000000,60630.00000000,63074.01000000,30660.80610000,1715299199999,1895849912.77347550
1715299200000,63074.00000000,63469.13000000,60187.12000000,60799.99000000,36529.34025000,1715385599999,2255550468.41385220
1715385600000,60799.99000000,61515.00000000,60487.09000000,60825.99000000,13374.56936000,1715471999999,814928013.45732880
1715472000000,60825.99000000,61888.00000000,60610.00000000,61483.99000000,12753.13236000,1715558399999,781041632.46238350
1715558400000,61484.00000000,63450.00000000,60749.21000000,62940.08000000,32733.41839000,1715644799999,2041896626.61081470
1715644800000,62940.09000000,63118.36000000,61142.77000000,61577.49000000,29088.72041000,1715731199999,1800171876.16766540
1715731200000,61577.49000000,66444.16000000,61319.47000000,66206.50000000,43559.74719000,1715817599999,2794259631.89104640
1715817600000,66206.51000000,66752.01000000,64602.77000000,65235.21000000,31106.36710000,1715903999999,2045507646.82938490
1715904000000,65235.21000000,67451.20000000,65106.38000000,67024.00000000,26292.23409000,1715990399999,1745971822.34474550
1715990400000,67024.00000000,67400.01000000,66600.00000000,66915.20000000,14441.25774000,1716076799999,967145944.68353170
1716076800000,66915.20000000,67700.00000000,65857.25000000,66274.01000000,18025.30409000,1716163199999,1204989222.87686860
1716163200000,66274.00000000,71515.56000000,66060.31000000,71446.62000000,50816.70110000,1716249599999,3485474763.75229410
1716249600000,71446.62000000,71979.00000000,69162.94000000,70148.34000000,49607.43360000,1716335999999,3509345769.23360780
1716336000000,70148.34000000,70666.00000000,68842.19000000,69166.62000000,27673.18026000,1716422399999,1931700812.30321440
1716422400000,69166.62000000,70096.12000000,66312.16000000,67969.65000000,40513.17374000,1716508799999,2766790260.78860240
1716508800000,67969.66000000,69250.00000000,66600.12000000,68549.99000000,28095.83664000,1716595199999,1906438696.71560120
1716595200000,68549.99000000,69610.00000000,68500.00000000,69290.57000000,12130.39418000,1716681599999,837339788.98389610
1716681600000,69290.56000000,69562.23000000,68128.01000000,68507.67000000,11872.11797000,1716767999999,818914878.99088980
1716768000000,68507.67000000,70687.56000000,68250.00000000,69436.43000000,23136.92737000,1716854399999,1604722197.83740280
1716854400000,69436.43000000,69591.81000000,67277.91000000,68398.39000000,32622.97042000,1716940799999,2224860225.79922270
1716940800000,68398.40000000,68935.68000000,67124.65000000,67652.42000000,23159.83149000,1717027199999,1573095221.64839840
1717027200000,67652.41000000,69500.00000000,67128.00000000,68352.17000000,28478.21840000,1717113599999,1945001081.52158660
1717113600000,68352.17000000,69044.10000000,66670.00000000,67540.01000000,26690.32184000,1717199999999,1812659052.24967660
1717200000000,67540.01000000,67900.00000000,67428.44000000,67766.85000000,8837.66133000,1717286399999,598305207.99320460
1717286400000,67766.84000000,68460.00000000,67257.47000000,67765.63000000,15426.32529000,1717372799999,1046827665.38293130
1717372800000,67765.62000000,70288.00000000,67612.48000000,68809.90000000,29633.37400000,1717459199999,2047757076.22683570
1717459200000,68809.89000000,71063.45000000,68567.32000000,70537.84000000,29619.78489000,1717545599999,2069902136.99324010
1717545600000,70537.83000000,71758.00000000,70383.66000000,71108.00000000,28703.18082000,1717631999999,2040073765.86763960
1717632000000,71108.00000000,71700.00000000,70117.64000000,70799.06000000,21842.00449000,1717718399999,1551467659.15429660
1717718400000,70799.06000000,71997.02000000,68420.00000000,69355.60000000,35598.45045000,1717804799999,2507250591.33297820
1717804800000,69355.60000000,69582.20000000,69168.02000000,69310.46000000,9773.82967000,1717891199999,678267390.53103880
1717891200000,69310.46000000,69857.14000000,69130.24000000,69648.14000000,9890.56709000,1717977599999,687344656.07255660
1717977600000,69648.15000000,70195.94000000,69172.29000000,69540.00000000,17122.66941000,1718063999999,1192466549.96912270
1718064000000,69540.00000000,69590.01000000,66051.00000000,67314.24000000,41436.01588000,1718150399999,2793799020.46912430
1718150400000,67314.23000000,69999.00000000,66905.00000000,68263.99000000,37175.32356000,1718236799999,2550285139.18437200
1718236800000,68263.98000000,68449.30000000,66251.78000000,66773.01000000,29079.55571000,1718323199999,1958897960.91729170
1718323200000,66773.01000000,67370.24000000,65078.00000000,66043.99000000,28408.18797000,1718409599999,1884451554.42828490
1718409600000,66043.99000000,66478.48000000,65857.10000000,66228.25000000,11451.80242000,1718495999999,758175888.02833720
1718496000000,66228.25000000,66998.70000000,66034.50000000,66676.87000000,9392.52223000,1718582399999,624653672.61385750
1718582400000,66676.86000000,67298.81000000,65130.00000000,66504.33000000,27386.16851000,1718668799999,1812061226.75656550
1718668800000,66504.33000000,66588.23000000,64060.00000000,65175.32000000,42350.10244000,1718755199999,2755141806.03109010
1718755200000,65175.32000000,65727.54000000,64666.00000000,64974.37000000,20060.79576000,1718841599999,1307731953.95453160
1718841600000,64974.37000000,66482.94000000,64559.15000000,64869.99000000,24265.29031000,1718927999999,1584896152.16637010
1718928000000,64869.99000000,65066.66000000,63379.35000000,64143.56000000,25993.56442000,1719014399999,1665541539.70861590
1719014400000,64143.56000000,64546.81000000,63943.82000000,64262.01000000,7308.95542000,1719100799999,470027247.34020830
1719100800000,64262.01000000,64521.00000000,63178.32000000,63210.01000000,8224.45447000,1719187199999,526848525.00294520
1719187200000,63210.01000000,63369.80000000,58402.00000000,60293.30000000,52161.35414000,1719273599999,3180853460.92475080
1719273600000,60293.30000000,62420.00000000,60257.06000000,61806.01000000,31189.24361000,1719359999999,1914901308.84587010
1719360000000,61806.01000000,62487.81000000,60712.00000000,60864.99000000,22485.66463000,1719446399999,1381716993.35549190
1719446400000,60864.98000000,62389.22000000,60606.63000000,61706.47000000,18344.28631000,1719532799999,1126705164.78289200
1719532800000,61706.46000000,62225.31000000,60063.00000000,60427.84000000,24821.19255000,1719619199999,1519872032.02663600
1719619200000,60427.84000000,61224.00000000,60383.77000000,60986.68000000,11509.55904000,1719705599999,701345872.48811430
1719705600000,60986.68000000,63058.76000000,60712.21000000,62772.01000000,17326.30136000,1719791999999,1070250012.54466050
1719792000000,62772.01000000,63861.76000000,62497.20000000,62899.99000000,24547.10538000,1719878399999,1550980813.67013450
1719878400000,62900.00000000,63288.83000000,61806.28000000,62135.47000000,18573.11875000,1719964799999,1160792332.61755960
1719964800000,62135.46000000,62285.94000000,59400.00000000,60208.58000000,32160.11127000,1720051199999,1945901232.90665710
1720051200000,60208.57000000,60498.19000000,56771.00000000,57050.01000000,54568.77276000,1720137599999,3168619756.24364850
1720137600000,57050.02000000,57546.00000000,53485.93000000,56628.79000000,81348.24756000,1720223999999,4515040083.53651490
1720224000000,56628.79000000,58475.00000000,56018.00000000,58230.13000000,21651.31558000,1720310399999,1235398733.43570290
1720310400000,58230.13000000,58449.46000000,55724.37000000,55857.81000000,19118.93918000,1720396799999,1094135752.45286890
1720396800000,55857.81000000,58236.73000000,54260.16000000,56714.62000000,48090.20490000,1720483199999,2699942701.37551110
1720483200000,56714.61000000,58296.00000000,56289.45000000,58050.00000000,27732.20788000,1720569599999,1592351321.65538700
1720569600000,58050.00000000,59470.00000000,57157.79000000,57725.85000000,24951.73799000,1720655999999,1452293495.65014880
1720656000000,57725.85000000,59650.00000000,57050.00000000,57339.89000000,29761.05735000,1720742399999,1728929618.05838440
1720742400000,57339.89000000,58526.68000000,56542.47000000,57889.10000000,23652.45690000,1720828799999,1360201319.07615040
1720828800000,57889.09000000,59850.00000000,57756.63000000,59204.02000000,15357.74519000,1720915199999,900429281.14823270
1720915200000,59204.01000000,61420.69000000,59194.01000000,60797.91000000,21178.33907000,1721001599999,1273562988.61117610
1721001600000,60797.91000000,64900.00000000,60632.30000000,64724.14000000,38690.97820000,1721087999999,2435540879.02893340
1721088000000,64724.06000000,65388.97000000,62373.24000000,65043.99000000,42530.52915000,1721174399999,2725231969.28845080
1721174400000,65044.00000000,66128.63000000,63854.00000000,64087.99000000,29567.52954000,1721260799999,1922412273.08820950
1721260800000,64087.99000000,65133.30000000,63238.48000000,63987.92000000,22568.72250000,1721347199999,1449872437.64979730
1721347200000,63987.92000000,67386.00000000,63300.67000000,66660.00000000,35634.72739000,1721433599999,2331517674.36865920
1721433600000,66660.01000000,67598.00000000,66222.46000000,67139.96000000,14386.92434000,1721519999999,961878801.84822110
1721520000000,67139.97000000,68366.66000000,65777.00000000,68165.34000000,21819.11191000,1721606399999,1465757867.97474330
1721606400000,68165.35000000,68474.55000000,66559.97000000,67532.01000000,21451.04303000,1721692799999,1448418369.84670970
1721692800000,67532.00000000,67750.98000000,65441.08000000,65936.01000000,31406.15316000,1721779199999,2088544473.32350770
1721779200000,65936.00000000,67102.01000000,65111.00000000,65376.00000000,23082.56277000,1721865599999,1526490826.46699670
1721865600000,65376.01000000,66175.49000000,63456.70000000,65799.95000000,35126.42934000,1721951999999,2266419771.22486380
1721952000000,65799.95000000,68200.00000000,65722.63000000,67907.99000000,24244.36023000,1722038399999,1630839588.69665470
1722038400000,67908.00000000,69399.99000000,66650.00000000,67896.50000000,31710.21921000,1722124799999,2162335067.02341760
1722124800000,67896.49000000,68318.43000000,67066.66000000,68249.88000000,10868.69394000,1722211199999,736755676.13774510
1722211200000,68249.88000000,70079.99000000,66428.00000000,66784.69000000,36467.29633000,1722297599999,2499265962.09145500
1722297600000,66784.68000000,67000.00000000,65302.67000000,66188.00000000,23132.25441000,1722383999999,1533270724.79942100
1722384000000,66188.00000000,66849.24000000,64530.00000000,64628.00000000,22625.43905000,1722470399999,1489443332.59601170
1722470400000,64628.01000000,65659.78000000,62302.00000000,65354.02000000,35542.26854000,1722556799999,2270877792.65867990
1722556800000,65354.02000000,65596.14000000,61230.01000000,61498.33000000,38820.42937000,1722643199999,2469588785.69815740
1722643200000,61498.34000000,62198.22000000,59850.00000000,60697.99000000,28034.71567000,1722729599999,1711555901.18010990
1722729600000,60697.99000000,61117.63000000,57122.77000000,58161.00000000,31616.52003000,1722815999999,1874490041.54373530
1722816000000,58161.00000000,58305.59000000,49000.00000000,54018.81000000,162065.59186000,1722902399999,8580928177.42990090
1722902400000,54018.82000000,57040.99000000,53950.00000000,56022.01000000,55884.77676000,1722988799999,3119018848.32988790
1722988800000,56022.00000000,57736.05000000,54558.62000000,55134.16000000,44269.37684000,1723075199999,2490553853.60258280
1723075200000,55133.76000000,62745.14000000,54730.00000000,61685.99000000,48349.52949000,1723161599999,2836312292.43181820
1723161600000,61686.00000000,61744.37000000,59535.00000000,60837.99000000,30972.48017000,1723247999999,1878350555.51226330
1723248000000,60837.99000000,61470.58000000,60242.00000000,60923.51000000,9995.20621000,1723334399999,607372221.24603980
1723334400000,60923.51000000,61858.00000000,58286.73000000,58712.59000000,19189.84512000,1723420799999,1152081498.15677740
1723420800000,58712.59000000,60711.09000000,57642.21000000,59346.64000000,37009.91743000,1723507199999,2186851067.31658610
1723507200000,59346.64000000,61578.10000000,58392.88000000,60587.15000000,27858.95851000,1723593599999,1668247896.84771860
1723593600000,60587.16000000,61800.00000000,58433.18000000,58683.39000000,28422.76326000,1723679999999,1705464263.50586500
1723680000000,58683.39000000,59849.38000000,56078.54000000,57541.06000000,37686.17622000,1723766399999,2194915865.05222870
1723766400000,57541.05000000,59817.76000000,57098.62000000,58874.60000000,27610.84344000,1723852799999,1614654900.33327160
1723852800000,58874.59000000,59700.00000000,58785.05000000,59491.99000000,7721.72931000,1723939199999,457737705.77228390
1723939200000,59491.99000000,60284.99000000,58408.92000000,58427.35000000,13634.85717000,1724025599999,813166580.72648510
1724025600000,58427.35000000,59617.63000000,57787.30000000,59438.50000000,22809.31251000,1724111999999,1336287900.19763400
1724112000000,59438.50000000,60910.55000000,59363.31000000,60646.99000000,3970.58661000,1724198399999,239390694.00573410
